tcp.dstport,tcp.srcport,tcp.window_size_value,tcp.flags,labeled_data
443,45202,501,0x0010,0
443,44158,501,0x0010,0
443,44150,501,0x0010,0
80,43654,501,0x0010,0
443,45196,501,0x0010,0
43654,80,506,0x0010,0
45202,443,964,0x0010,0
44158,443,956,0x0010,0
44150,443,958,0x0010,0
45196,443,964,0x0010,0
443,59654,501,0x0010,0
59654,443,501,0x0010,0
80,54226,501,0x0010,0
54226,80,261,0x0010,0
443,55436,501,0x0018,0
443,55436,501,0x0018,0
55436,443,425,0x0010,0
55436,443,425,0x0018,0
443,55436,501,0x0010,0
443,32822,501,0x0010,0
80,34542,501,0x0010,0
34542,80,133,0x0010,0
32822,443,14480,0x0010,0
80,43726,501,0x0010,0
80,41090,501,0x0010,0
80,43684,501,0x0010,0
80,45954,501,0x0010,0
80,34506,501,0x0010,0
80,43710,501,0x0010,0
43726,80,133,0x0010,0
34506,80,141,0x0010,0
43684,80,135,0x0010,0
43710,80,131,0x0010,0
45954,80,8,0x0010,0
41090,80,8,0x0010,0
80,39534,501,0x0010,0
443,51880,501,0x0010,0
80,39542,501,0x0010,0
80,39540,501,0x0010,0
39534,80,261,0x0010,0
39542,80,261,0x0010,0
39540,80,261,0x0010,0
51880,443,2048,0x0010,0
443,33918,501,0x0010,0
443,52216,501,0x0010,0
443,51888,501,0x0010,0
80,40968,501,0x0010,0
443,33930,501,0x0010,0
443,52206,501,0x0010,0
443,33936,501,0x0010,0
443,58154,501,0x0010,0
80,34518,501,0x0010,0
34518,80,139,0x0010,0
40968,80,8,0x0010,0
33918,443,936,0x0010,0
33936,443,960,0x0010,0
33930,443,960,0x0010,0
58154,443,14480,0x0010,0
52206,443,15708,0x0010,0
52216,443,15709,0x0010,0
51888,443,2048,0x0010,0
443,33910,501,0x0010,0
33910,443,884,0x0010,0
443,37476,501,0x0010,0
37476,443,5190,0x0010,0
80,48842,501,0x0010,0
80,48848,501,0x0010,0
48842,80,501,0x0010,0
48848,80,501,0x0010,0
80,43670,501,0x0010,0
80,43662,501,0x0010,0
43670,80,139,0x0010,0
43662,80,141,0x0010,0
443,41240,501,0x0010,0
443,60774,501,0x0010,0
443,41238,501,0x0010,0
41240,443,964,0x0010,0
41238,443,964,0x0010,0
60774,443,932,0x0010,0
443,34324,501,0x0010,0
34324,443,954,0x0010,0
443,55436,501,0x0018,0
55436,443,425,0x0018,0
55436,443,425,0x0018,0
443,55436,501,0x0010,0
443,55436,501,0x0010,0
443,45202,501,0x0010,0
443,44158,501,0x0010,0
443,44150,501,0x0010,0
80,43654,501,0x0010,0
443,45196,501,0x0010,0
43654,80,506,0x0010,0
45202,443,964,0x0010,0
44158,443,956,0x0010,0
44150,443,958,0x0010,0
45196,443,964,0x0010,0
443,55436,501,0x0018,0
443,55436,501,0x0018,0
55436,443,425,0x0010,0
55436,443,425,0x0018,0
443,55436,501,0x0010,0
443,59654,501,0x0010,0
59654,443,501,0x0010,0
443,37476,501,0x0018,0
443,37476,501,0x0018,0
37476,443,5190,0x0010,0
37476,443,5190,0x0018,0
443,37476,501,0x0010,0
443,51470,501,0x0010,0
80,54226,501,0x0010,0
54226,80,261,0x0010,0
51470,443,16386,0x0010,0
80,34542,501,0x0010,0
443,32822,501,0x0010,0
34542,80,133,0x0010,0
32822,443,14480,0x0010,0
80,34506,501,0x0010,0
80,43684,501,0x0010,0
80,45954,501,0x0010,0
80,41090,501,0x0010,0
80,43726,501,0x0010,0
80,43710,501,0x0010,0
34506,80,141,0x0010,0
43684,80,135,0x0010,0
43726,80,133,0x0010,0
43710,80,131,0x0010,0
45954,80,8,0x0010,0
41090,80,8,0x0010,0
80,39534,501,0x0010,0
443,51880,501,0x0010,0
80,39542,501,0x0010,0
80,39540,501,0x0010,0
39534,80,261,0x0010,0
39542,80,261,0x0010,0
39540,80,261,0x0010,0
51880,443,2048,0x0010,0
443,52216,501,0x0010,0
443,33930,501,0x0010,0
443,33936,501,0x0010,0
443,58154,501,0x0010,0
443,51888,501,0x0010,0
443,33918,501,0x0010,0
80,34518,501,0x0010,0
80,40968,501,0x0010,0
443,52206,501,0x0010,0
34518,80,139,0x0010,0
40968,80,8,0x0010,0
33918,443,936,0x0010,0
33936,443,960,0x0010,0
33930,443,960,0x0010,0
58154,443,14480,0x0010,0
52206,443,15708,0x0010,0
52216,443,15709,0x0010,0
51888,443,2048,0x0010,0
443,33910,501,0x0010,0
33910,443,884,0x0010,0
80,54226,501,0x0011,0
54226,80,261,0x0011,0
80,54226,501,0x0010,0
443,54112,501,0x0018,0
443,50918,501,0x0018,0
54112,443,269,0x0018,0
443,54112,501,0x0010,0
50918,443,273,0x0018,0
443,50918,501,0x0010,0
80,48842,501,0x0010,0
80,48848,501,0x0010,0
48842,80,501,0x0010,0
48848,80,501,0x0010,0
443,37918,501,0x0018,0
37918,443,269,0x0010,0
37918,443,269,0x0018,0
443,37918,501,0x0010,0
80,43662,501,0x0010,0
80,43670,501,0x0010,0
43662,80,141,0x0010,0
43670,80,139,0x0010,0
443,41240,501,0x0010,0
443,60774,501,0x0010,0
443,41238,501,0x0010,0
41240,443,964,0x0010,0
41238,443,964,0x0010,0
60774,443,932,0x0010,0
443,49356,501,0x0018,0
49356,443,265,0x0018,0
443,49356,501,0x0010,0
443,34324,501,0x0010,0
34324,443,954,0x0010,0
443,44158,501,0x0010,0
443,44150,501,0x0010,0
80,43654,501,0x0010,0
443,45202,501,0x0010,0
443,45196,501,0x0010,0
43654,80,506,0x0010,0
44158,443,956,0x0010,0
45202,443,964,0x0010,0
45196,443,964,0x0010,0
44150,443,958,0x0010,0
443,34850,501,0x0018,0
34850,443,135,0x0018,0
443,34850,501,0x0010,0
443,41238,501,0x0018,0
443,41238,501,0x0011,0
443,41240,501,0x0018,0
443,41240,501,0x0011,0
41238,443,964,0x0011,0
443,41238,501,0x0010,0
41238,443,964,0x0010,0
41240,443,964,0x0011,0
443,41240,501,0x0010,0
443,59654,501,0x0010,0
59654,443,501,0x0010,0
443,55436,501,0x0018,0
443,55436,501,0x0018,0
55436,443,425,0x0010,0
55436,443,425,0x0010,0
55436,443,425,0x0018,0
443,55436,501,0x0010,0
443,37476,501,0x0010,0
37476,443,5190,0x0010,0
80,43654,501,0x0011,0
43654,80,506,0x0011,0
80,43654,501,0x0010,0
443,32822,501,0x0010,0
80,34542,501,0x0010,0
34542,80,133,0x0010,0
32822,443,14480,0x0010,0
80,43684,501,0x0010,0
80,43726,501,0x0010,0
80,43710,501,0x0010,0
80,41090,501,0x0010,0
80,34506,501,0x0010,0
80,45954,501,0x0010,0
43684,80,135,0x0010,0
34506,80,141,0x0010,0
43726,80,133,0x0010,0
43710,80,131,0x0010,0
45954,80,8,0x0010,0
41090,80,8,0x0010,0
80,39534,501,0x0010,0
443,51880,501,0x0010,0
80,39542,501,0x0010,0
80,39540,501,0x0010,0
39534,80,261,0x0010,0
39542,80,261,0x0010,0
39540,80,261,0x0010,0
51880,443,2048,0x0010,0
443,52216,501,0x0010,0
443,33930,501,0x0010,0
443,33936,501,0x0010,0
443,58154,501,0x0010,0
443,33918,501,0x0010,0
80,34518,501,0x0010,0
443,51888,501,0x0010,0
80,40968,501,0x0010,0
443,52206,501,0x0010,0
34518,80,139,0x0010,0
40968,80,8,0x0010,0
33936,443,960,0x0010,0
33930,443,960,0x0010,0
33918,443,936,0x0010,0
58154,443,14480,0x0010,0
52206,443,15708,0x0010,0
52216,443,15709,0x0010,0
51888,443,2048,0x0010,0
443,33910,501,0x0010,0
33910,443,884,0x0010,0
80,41090,501,0x0011,0
80,45954,501,0x0011,0
80,34542,501,0x0011,0
443,32822,501,0x0018,0
443,32822,501,0x0011,0
80,43710,501,0x0011,0
80,43726,501,0x0011,0
80,34506,501,0x0011,0
34542,80,133,0x0011,0
34506,80,141,0x0011,0
43726,80,133,0x0011,0
80,34542,501,0x0010,0
80,34506,501,0x0010,0
80,43726,501,0x0010,0
43710,80,131,0x0011,0
80,43710,501,0x0010,0
41090,80,8,0x0011,0
80,41090,501,0x0010,0
45954,80,8,0x0011,0
80,45954,501,0x0010,0
32822,443,16652,0x0010,0
32822,443,17376,0x0011,0
443,32822,501,0x0010,0
443,51330,501,0x0018,0
443,52814,501,0x0018,0
443,46204,501,0x0018,0
443,35944,501,0x0018,0
80,48842,501,0x0010,0
80,48848,501,0x0010,0
46204,443,290,0x0010,0
46204,443,290,0x0018,0
443,46204,501,0x0010,0
51330,443,118,0x0018,0
443,51330,501,0x0010,0
52814,443,118,0x0018,0
443,52814,501,0x0010,0
35944,443,118,0x0018,0
443,35944,501,0x0010,0
48842,80,501,0x0010,0
48848,80,501,0x0010,0
80,43670,501,0x0010,0
80,43662,501,0x0010,0
43670,80,139,0x0010,0
43662,80,141,0x0010,0
80,39540,501,0x0011,0
443,52206,501,0x0018,0
443,52206,501,0x0011,0
443,33936,501,0x0018,0
443,33936,501,0x0011,0
80,39542,501,0x0011,0
443,51880,501,0x0018,0
443,51880,501,0x0011,0
443,58154,501,0x0018,0
443,58154,501,0x0011,0
443,51888,501,0x0018,0
443,51888,501,0x0011,0
80,43684,501,0x0011,0
443,33930,501,0x0018,0
443,33930,501,0x0011,0
80,40968,501,0x0011,0
80,34518,501,0x0011,0
443,33918,501,0x0018,0
443,33918,501,0x0011,0
443,33910,501,0x0018,0
443,33910,501,0x0011,0
443,52216,501,0x0018,0
443,52216,501,0x0011,0
80,39534,501,0x0011,0
34518,80,139,0x0011,0
80,34518,501,0x0010,0
43684,80,135,0x0011,0
80,43684,501,0x0010,0
39540,80,261,0x0011,0
80,39540,501,0x0010,0
40968,80,8,0x0011,0
80,40968,501,0x0010,0
33936,443,960,0x0011,0
39534,80,261,0x0011,0
443,33936,501,0x0010,0
80,39534,501,0x0010,0
39542,80,261,0x0011,0
80,39542,501,0x0010,0
33910,443,884,0x0011,0
33918,443,936,0x0011,0
33930,443,960,0x0011,0
443,33910,501,0x0010,0
443,33918,501,0x0010,0
443,33930,501,0x0010,0
51880,443,2048,0x0010,0
51880,443,2048,0x0011,0
443,51880,0,0x0004,0
58154,443,16652,0x0010,0
58154,443,17376,0x0011,0
443,58154,501,0x0010,0
52206,443,15739,0x0010,0
52206,443,15739,0x0011,0
443,52206,501,0x0010,0
51880,443,2048,0x0010,0
443,51880,0,0x0004,0
52206,443,15739,0x0010,0
52216,443,15740,0x0010,0
52216,443,15740,0x0011,0
52216,443,15740,0x0010,0
443,52216,501,0x0010,0
51888,443,2048,0x0010,0
51888,443,2048,0x0011,0
443,51888,501,0x0010,0
443,60774,501,0x0010,0
60774,443,932,0x0010,0
443,46732,501,0x0018,0
443,60698,501,0x0018,0
443,36636,501,0x0018,0
443,54232,501,0x0018,0
443,37534,501,0x0018,0
443,51640,501,0x0018,0
443,35818,501,0x0018,0
443,37500,501,0x0018,0
443,41724,501,0x0018,0
443,44464,501,0x0018,0
443,35498,501,0x0018,0
443,48226,501,0x0018,0
54232,443,135,0x0018,0
37500,443,137,0x0018,0
443,54232,501,0x0010,0
443,37500,501,0x0010,0
60698,443,118,0x0018,0
443,60698,501,0x0010,0
44464,443,127,0x0018,0
443,44464,501,0x0010,0
41724,443,118,0x0018,0
443,41724,501,0x0010,0
48226,443,130,0x0018,0
37534,443,118,0x0018,0
443,48226,501,0x0010,0
443,37534,501,0x0010,0
35818,443,118,0x0018,0
443,35818,501,0x0010,0
46732,443,122,0x0018,0
443,46732,501,0x0010,0
51640,443,118,0x0018,0
443,51640,501,0x0010,0
36636,443,503,0x0010,0
35498,443,3963,0x0010,0
35498,443,3963,0x0018,0
443,35498,501,0x0010,0
36636,443,503,0x0018,0
443,36636,501,0x0010,0
443,34324,501,0x0010,0
34324,443,954,0x0010,0
443,54192,501,0x0018,0
443,48366,501,0x0018,0
443,59242,501,0x0018,0
443,51784,501,0x0018,0
443,54480,501,0x0018,0
443,55888,501,0x0018,0
54192,443,483,0x0018,0
443,54192,501,0x0010,0
59242,443,118,0x0018,0
443,59242,501,0x0010,0
54480,443,118,0x0018,0
443,54480,501,0x0010,0
48366,443,273,0x0018,0
443,48366,501,0x0010,0
55888,443,3987,0x0010,0
55888,443,3987,0x0018,0
443,55888,501,0x0010,0
51784,443,236,0x0018,0
443,51784,501,0x0010,0
443,45202,501,0x0010,0
443,44158,501,0x0010,0
443,44150,501,0x0010,0
443,45196,501,0x0010,0
45202,443,964,0x0010,0
44158,443,956,0x0010,0
44150,443,958,0x0010,0
45196,443,964,0x0010,0
443,59654,501,0x0010,0
59654,443,501,0x0010,0
44464,443,127,0x0018,0
44464,443,127,0x0018,0
44464,443,127,0x0011,0
443,44464,501,0x0010,0
443,44464,501,0x0010,0
443,44464,501,0x0018,0
443,44464,501,0x0018,0
443,44464,501,0x0011,0
44464,443,127,0x0014,0
44464,443,0,0x0004,0
36636,443,503,0x0018,0
36636,443,503,0x0011,0
443,36636,501,0x0010,0
443,36636,501,0x0018,0
443,36636,501,0x0018,0
443,36636,501,0x0011,0
36636,443,0,0x0004,0
443,37476,501,0x0010,0
37476,443,5190,0x0010,0
80,48842,501,0x0010,0
80,48848,501,0x0010,0
48842,80,501,0x0010,0
48848,80,501,0x0010,0
80,43662,501,0x0010,0
80,43670,501,0x0010,0
43662,80,141,0x0010,0
43670,80,139,0x0010,0
443,60774,501,0x0010,0
60774,443,932,0x0010,0
443,34324,501,0x0010,0
5900,55209,1024,0x0000,1
8080,55209,1024,0x0000,1
139,55209,1024,0x0000,1
256,55209,1024,0x0000,1
1025,55209,1024,0x0000,1
111,55209,1024,0x0000,1
993,55209,1024,0x0000,1
3389,55209,1024,0x0000,1
53,55209,1024,0x0000,1
587,55209,1024,0x0000,1
55209,587,0,0x0014,0
55209,111,0,0x0014,0
55209,5900,0,0x0014,0
55209,256,0,0x0014,0
55209,53,0,0x0014,0
55209,3389,0,0x0014,0
55209,139,0,0x0014,0
55209,8080,0,0x0014,0
55209,993,0,0x0014,0
55209,1025,0,0x0014,0
135,55209,1024,0x0000,1
3306,55209,1024,0x0000,1
1720,55209,1024,0x0000,1
22,55209,1024,0x0000,1
8888,55209,1024,0x0000,1
143,55209,1024,0x0000,1
113,55209,1024,0x0000,1
21,55209,1024,0x0000,1
80,55209,1024,0x0000,1
443,55209,1024,0x0000,1
110,55209,1024,0x0000,1
995,55209,1024,0x0000,1
25,55209,1024,0x0000,1
1723,55209,1024,0x0000,1
23,55209,1024,0x0000,1
199,55209,1024,0x0000,1
554,55209,1024,0x0000,1
445,55209,1024,0x0000,1
3283,55209,1024,0x0000,1
1145,55209,1024,0x0000,1
55209,8888,0,0x0014,0
55209,1720,0,0x0014,0
55209,80,0,0x0014,0
55209,143,0,0x0014,0
55209,135,0,0x0014,0
55209,443,0,0x0014,0
55209,199,0,0x0014,0
55209,23,0,0x0014,0
55209,3306,0,0x0014,0
55209,25,0,0x0014,0
55209,21,0,0x0014,0
55209,1723,0,0x0014,0
55209,22,0,0x0014,0
55209,113,0,0x0014,0
55209,995,0,0x0014,0
2004,55209,1024,0x0000,1
5825,55209,1024,0x0000,1
10004,55209,1024,0x0000,1
99,55209,1024,0x0000,1
55600,55209,1024,0x0000,1
8292,55209,1024,0x0000,1
1213,55209,1024,0x0000,1
20,55209,1024,0x0000,1
3003,55209,1024,0x0000,1
3809,55209,1024,0x0000,1
1947,55209,1024,0x0000,1
25735,55209,1024,0x0000,1
16113,55209,1024,0x0000,1
3998,55209,1024,0x0000,1
9001,55209,1024,0x0000,1
2105,55209,1024,0x0000,1
3005,55209,1024,0x0000,1
8192,55209,1024,0x0000,1
1027,55209,1024,0x0000,1
5060,55209,1024,0x0000,1
55209,3283,0,0x0014,0
55209,1145,0,0x0014,0
3986,55209,1024,0x0000,1
1700,55209,1024,0x0000,1
3325,55209,1024,0x0000,1
2393,55209,1024,0x0000,1
9111,55209,1024,0x0000,1
1124,55209,1024,0x0000,1
14441,55209,1024,0x0000,1
1812,55209,1024,0x0000,1
5221,55209,1024,0x0000,1
3690,55209,1024,0x0000,1
55209,110,0,0x0014,0
55209,445,0,0x0014,0
55209,554,0,0x0014,0
12345,55209,1024,0x0000,1
301,55209,1024,0x0000,1
406,55209,1024,0x0000,1
1047,55209,1024,0x0000,1
2968,55209,1024,0x0000,1
8300,55209,1024,0x0000,1
9009,55209,1024,0x0000,1
1163,55209,1024,0x0000,1
726,55209,1024,0x0000,1
54045,55209,1024,0x0000,1
55209,2004,0,0x0014,0
55209,8292,0,0x0014,0
55209,1947,0,0x0014,0
55209,25735,0,0x0014,0
55209,1700,0,0x0014,0
55209,1027,0,0x0014,0
55209,1213,0,0x0014,0
55209,10004,0,0x0014,0
55209,8192,0,0x0014,0
55209,55600,0,0x0014,0
55209,2105,0,0x0014,0
55209,20,0,0x0014,0
55209,99,0,0x0014,0
55209,5825,0,0x0014,0
55209,3986,0,0x0014,0
55209,16113,0,0x0014,0
55209,5060,0,0x0014,0
55209,3325,0,0x0014,0
55209,3003,0,0x0014,0
55209,3998,0,0x0014,0
55209,3005,0,0x0014,0
55209,3809,0,0x0014,0
55209,9001,0,0x0014,0
1272,55209,1024,0x0000,1
1334,55209,1024,0x0000,1
3945,55209,1024,0x0000,1
10628,55209,1024,0x0000,1
20031,55209,1024,0x0000,1
9090,55209,1024,0x0000,1
1247,55209,1024,0x0000,1
366,55209,1024,0x0000,1
13456,55209,1024,0x0000,1
3814,55209,1024,0x0000,1
416,55209,1024,0x0000,1
1099,55209,1024,0x0000,1
8222,55209,1024,0x0000,1
6699,55209,1024,0x0000,1
9200,55209,1024,0x0000,1
2196,55209,1024,0x0000,1
1069,55209,1024,0x0000,1
9618,55209,1024,0x0000,1
2040,55209,1024,0x0000,1
1053,55209,1024,0x0000,1
8082,55209,1024,0x0000,1
1259,55209,1024,0x0000,1
1234,55209,1024,0x0000,1
40193,55209,1024,0x0000,1
89,55209,1024,0x0000,1
2035,55209,1024,0x0000,1
20005,55209,1024,0x0000,1
4000,55209,1024,0x0000,1
2366,55209,1024,0x0000,1
8194,55209,1024,0x0000,1
16001,55209,1024,0x0000,1
27352,55209,1024,0x0000,1
1106,55209,1024,0x0000,1
5800,55209,1024,0x0000,1
3800,55209,1024,0x0000,1
5962,55209,1024,0x0000,1
2967,55209,1024,0x0000,1
4446,55209,1024,0x0000,1
8090,55209,1024,0x0000,1
1062,55209,1024,0x0000,1
1864,55209,1024,0x0000,1
10025,55209,1024,0x0000,1
8086,55209,1024,0x0000,1
15004,55209,1024,0x0000,1
1501,55209,1024,0x0000,1
1185,55209,1024,0x0000,1
55209,9009,0,0x0014,0
55209,14441,0,0x0014,0
55209,8300,0,0x0014,0
55209,2393,0,0x0014,0
55209,5221,0,0x0014,0
55209,1163,0,0x0014,0
55209,1047,0,0x0014,0
55209,301,0,0x0014,0
55209,1124,0,0x0014,0
34324,443,954,0x0010,0
55209,726,0,0x0014,0
55209,3690,0,0x0014,0
55209,406,0,0x0014,0
55209,1812,0,0x0014,0
55209,2968,0,0x0014,0
55209,1272,0,0x0014,0
55209,12345,0,0x0014,0
55209,3945,0,0x0014,0
55209,9111,0,0x0014,0
55209,54045,0,0x0014,0
55209,13456,0,0x0014,0
55209,366,0,0x0014,0
55209,10628,0,0x0014,0
55209,1334,0,0x0014,0
55209,9090,0,0x0014,0
55209,20031,0,0x0014,0
55209,9200,0,0x0014,0
55209,8222,0,0x0014,0
55209,1247,0,0x0014,0
55209,416,0,0x0014,0
55209,3814,0,0x0014,0
55209,1053,0,0x0014,0
55209,9618,0,0x0014,0
55209,2196,0,0x0014,0
55209,1099,0,0x0014,0
55209,2040,0,0x0014,0
8800,55209,1024,0x0000,1
144,55209,1024,0x0000,1
2288,55209,1024,0x0000,1
4550,55209,1024,0x0000,1
5987,55209,1024,0x0000,1
55209,1069,0,0x0014,0
55209,6699,0,0x0014,0
56738,55209,1024,0x0000,1
1077,55209,1024,0x0000,1
55209,1259,0,0x0014,0
55209,3800,0,0x0014,0
55209,2967,0,0x0014,0
55209,20005,0,0x0014,0
55209,2366,0,0x0014,0
55209,40193,0,0x0014,0
55209,8082,0,0x0014,0
32768,55209,1024,0x0000,1
722,55209,1024,0x0000,1
9040,55209,1024,0x0000,1
1087,55209,1024,0x0000,1
2602,55209,1024,0x0000,1
1092,55209,1024,0x0000,1
3920,55209,1024,0x0000,1
5801,55209,1024,0x0000,1
1089,55209,1024,0x0000,1
9898,55209,1024,0x0000,1
5225,55209,1024,0x0000,1
5555,55209,1024,0x0000,1
55209,1501,0,0x0014,0
55209,16001,0,0x0014,0
55209,15004,0,0x0014,0
55209,89,0,0x0014,0
55209,1234,0,0x0014,0
55209,1864,0,0x0014,0
55209,10025,0,0x0014,0
55209,1062,0,0x0014,0
55209,1185,0,0x0014,0
55209,27352,0,0x0014,0
55209,4000,0,0x0014,0
55209,8086,0,0x0014,0
55209,8194,0,0x0014,0
9593,55209,1024,0x0000,1
2718,55209,1024,0x0000,1
6543,55209,1024,0x0000,1
8007,55209,1024,0x0000,1
2107,55209,1024,0x0000,1
40911,55209,1024,0x0000,1
1600,55209,1024,0x0000,1
20222,55209,1024,0x0000,1
500,55209,1024,0x0000,1
2043,55209,1024,0x0000,1
9876,55209,1024,0x0000,1
1063,55209,1024,0x0000,1
3300,55209,1024,0x0000,1
5100,55209,1024,0x0000,1
5000,55209,1024,0x0000,1
6004,55209,1024,0x0000,1
2557,55209,1024,0x0000,1
5810,55209,1024,0x0000,1
2022,55209,1024,0x0000,1
5002,55209,1024,0x0000,1
2910,55209,1024,0x0000,1
30,55209,1024,0x0000,1
10024,55209,1024,0x0000,1
1840,55209,1024,0x0000,1
5922,55209,1024,0x0000,1
5405,55209,1024,0x0000,1
55209,4446,0,0x0014,0
55209,5800,0,0x0014,0
55209,8090,0,0x0014,0
55209,2035,0,0x0014,0
55209,1106,0,0x0014,0
55209,5962,0,0x0014,0
5811,55209,1024,0x0000,1
5009,55209,1024,0x0000,1
389,55209,1024,0x0000,1
4224,55209,1024,0x0000,1
254,55209,1024,0x0000,1
1984,55209,1024,0x0000,1
2381,55209,1024,0x0000,1
1141,55209,1024,0x0000,1
33,55209,1024,0x0000,1
9999,55209,1024,0x0000,1
1914,55209,1024,0x0000,1
5440,55209,1024,0x0000,1
1024,55209,1024,0x0000,1
1023,55209,1024,0x0000,1
8031,55209,1024,0x0000,1
1556,55209,1024,0x0000,1
9943,55209,1024,0x0000,1
8333,55209,1024,0x0000,1
1154,55209,1024,0x0000,1
1524,55209,1024,0x0000,1
1107,55209,1024,0x0000,1
3871,55209,1024,0x0000,1
5004,55209,1024,0x0000,1
2046,55209,1024,0x0000,1
55209,8800,0,0x0014,0
55209,1077,0,0x0014,0
55209,722,0,0x0014,0
55209,4550,0,0x0014,0
55209,2288,0,0x0014,0
55209,144,0,0x0014,0
9101,55209,1024,0x0000,1
3007,55209,1024,0x0000,1
55209,32768,0,0x0014,0
55209,1092,0,0x0014,0
49157,55209,1024,0x0000,1
2100,55209,1024,0x0000,1
20000,55209,1024,0x0000,1
3880,55209,1024,0x0000,1
1082,55209,1024,0x0000,1
55209,9593,0,0x0014,0
55209,5225,0,0x0014,0
55209,5555,0,0x0014,0
55209,9898,0,0x0014,0
55209,2718,0,0x0014,0
55209,56738,0,0x0014,0
55209,5987,0,0x0014,0
55209,9040,0,0x0014,0
55209,1087,0,0x0014,0
55209,2602,0,0x0014,0
55209,5801,0,0x0014,0
55209,9876,0,0x0014,0
55209,6004,0,0x0014,0
55209,8007,0,0x0014,0
55209,1089,0,0x0014,0
55209,500,0,0x0014,0
55209,3920,0,0x0014,0
55209,6543,0,0x0014,0
55209,2107,0,0x0014,0
55209,10024,0,0x0014,0
55209,1600,0,0x0014,0
55209,5405,0,0x0014,0
55209,3300,0,0x0014,0
55209,2557,0,0x0014,0
55209,5922,0,0x0014,0
55209,2043,0,0x0014,0
55209,2022,0,0x0014,0
55209,1840,0,0x0014,0
55209,20222,0,0x0014,0
55209,5009,0,0x0014,0
55209,2910,0,0x0014,0
55209,1063,0,0x0014,0
55209,5811,0,0x0014,0
55209,40911,0,0x0014,0
55209,5100,0,0x0014,0
55209,5810,0,0x0014,0
55209,5000,0,0x0014,0
55209,5002,0,0x0014,0
55209,30,0,0x0014,0
1971,55209,1024,0x0000,1
4443,55209,1024,0x0000,1
1100,55209,1024,0x0000,1
1046,55209,1024,0x0000,1
1594,55209,1024,0x0000,1
55209,4224,0,0x0014,0
55209,2381,0,0x0014,0
55209,33,0,0x0014,0
55209,389,0,0x0014,0
55209,254,0,0x0014,0
55209,9999,0,0x0014,0
55209,1984,0,0x0014,0
2909,55209,1024,0x0000,1
4899,55209,1024,0x0000,1
2119,55209,1024,0x0000,1
3211,55209,1024,0x0000,1
1079,55209,1024,0x0000,1
9091,55209,1024,0x0000,1
7741,55209,1024,0x0000,1
2811,55209,1024,0x0000,1
1301,55209,1024,0x0000,1
109,55209,1024,0x0000,1
19,55209,1024,0x0000,1
6567,55209,1024,0x0000,1
3301,55209,1024,0x0000,1
873,55209,1024,0x0000,1
10010,55209,1024,0x0000,1
1,55209,1024,0x0000,1
50500,55209,1024,0x0000,1
10778,55209,1024,0x0000,1
11110,55209,1024,0x0000,1
20828,55209,1024,0x0000,1
3914,55209,1024,0x0000,1
1761,55209,1024,0x0000,1
49154,55209,1024,0x0000,1
2522,55209,1024,0x0000,1
23502,55209,1024,0x0000,1
3659,55209,1024,0x0000,1
50003,55209,1024,0x0000,1
5802,55209,1024,0x0000,1
1119,55209,1024,0x0000,1
37,55209,1024,0x0000,1
100,55209,1024,0x0000,1
8649,55209,1024,0x0000,1
1035,55209,1024,0x0000,1
2001,55209,1024,0x0000,1
5907,55209,1024,0x0000,1
1052,55209,1024,0x0000,1
1192,55209,1024,0x0000,1
56737,55209,1024,0x0000,1
5200,55209,1024,0x0000,1
5001,55209,1024,0x0000,1
1271,55209,1024,0x0000,1
444,55209,1024,0x0000,1
55209,1107,0,0x0014,0
55209,1556,0,0x0014,0
55209,1141,0,0x0014,0
55209,9943,0,0x0014,0
55209,1024,0,0x0014,0
55209,8031,0,0x0014,0
55209,3007,0,0x0014,0
55209,9101,0,0x0014,0
55209,3880,0,0x0014,0
55209,2046,0,0x0014,0
55209,20000,0,0x0014,0
55209,49157,0,0x0014,0
55209,1154,0,0x0014,0
55209,8333,0,0x0014,0
55209,1524,0,0x0014,0
55209,1023,0,0x0014,0
55209,5440,0,0x0014,0
55209,2100,0,0x0014,0
55209,5004,0,0x0014,0
55209,3871,0,0x0014,0
55209,1914,0,0x0014,0
9500,55209,1024,0x0000,1
4004,55209,1024,0x0000,1
55209,1082,0,0x0014,0
55209,1100,0,0x0014,0
55209,109,0,0x0014,0
55209,1079,0,0x0014,0
55209,7741,0,0x0014,0
55209,1301,0,0x0014,0
55209,2909,0,0x0014,0
55209,1971,0,0x0014,0
55209,4899,0,0x0014,0
55209,3301,0,0x0014,0
19801,55209,1024,0x0000,1
1044,55209,1024,0x0000,1
55209,3211,0,0x0014,0
777,55209,1024,0x0000,1
9011,55209,1024,0x0000,1
7920,55209,1024,0x0000,1
3369,55209,1024,0x0000,1
512,55209,1024,0x0000,1
2323,55209,1024,0x0000,1
14000,55209,1024,0x0000,1
8652,55209,1024,0x0000,1
2710,55209,1024,0x0000,1
1863,55209,1024,0x0000,1
8193,55209,1024,0x0000,1
146,55209,1024,0x0000,1
50389,55209,1024,0x0000,1
55209,10010,0,0x0014,0
55209,6567,0,0x0014,0
55209,19,0,0x0014,0
51103,55209,1024,0x0000,1
1503,55209,1024,0x0000,1
563,55209,1024,0x0000,1
593,55209,1024,0x0000,1
52848,55209,1024,0x0000,1
55209,4443,0,0x0014,0
55209,1,0,0x0014,0
55209,9091,0,0x0014,0
55209,2119,0,0x0014,0
55209,1594,0,0x0014,0
55209,2811,0,0x0014,0
55209,1046,0,0x0014,0
55209,873,0,0x0014,0
8001,55209,1024,0x0000,1
1000,55209,1024,0x0000,1
1049,55209,1024,0x0000,1
50000,55209,1024,0x0000,1
2099,55209,1024,0x0000,1
636,55209,1024,0x0000,1
1095,55209,1024,0x0000,1
55209,2522,0,0x0014,0
55209,11110,0,0x0014,0
55209,5802,0,0x0014,0
55209,10778,0,0x0014,0
55209,37,0,0x0014,0
55209,3914,0,0x0014,0
55209,50500,0,0x0014,0
55209,49154,0,0x0014,0
55209,1761,0,0x0014,0
55209,100,0,0x0014,0
55209,50003,0,0x0014,0
55209,1119,0,0x0014,0
55209,1035,0,0x0014,0
55209,5200,0,0x0014,0
55209,3659,0,0x0014,0
55209,444,0,0x0014,0
55209,23502,0,0x0014,0
55209,5907,0,0x0014,0
55209,2001,0,0x0014,0
55209,8649,0,0x0014,0
55209,20828,0,0x0014,0
55209,1271,0,0x0014,0
55209,5001,0,0x0014,0
55209,1192,0,0x0014,0
55209,56737,0,0x0014,0
55209,1052,0,0x0014,0
2170,55209,1024,0x0000,1
60020,55209,1024,0x0000,1
7627,55209,1024,0x0000,1
7001,55209,1024,0x0000,1
1028,55209,1024,0x0000,1
17988,55209,1024,0x0000,1
55209,1044,0,0x0014,0
55209,19801,0,0x0014,0
1083,55209,1024,0x0000,1
417,55209,1024,0x0000,1
8084,55209,1024,0x0000,1
1076,55209,1024,0x0000,1
6106,55209,1024,0x0000,1
64680,55209,1024,0x0000,1
888,55209,1024,0x0000,1
617,55209,1024,0x0000,1
3703,55209,1024,0x0000,1
340,55209,1024,0x0000,1
106,55209,1024,0x0000,1
2009,55209,1024,0x0000,1
7004,55209,1024,0x0000,1
3017,55209,1024,0x0000,1
2049,55209,1024,0x0000,1
13,55209,1024,0x0000,1
1022,55209,1024,0x0000,1
306,55209,1024,0x0000,1
1147,55209,1024,0x0000,1
10243,55209,1024,0x0000,1
5003,55209,1024,0x0000,1
5298,55209,1024,0x0000,1
6007,55209,1024,0x0000,1
1086,55209,1024,0x0000,1
5544,55209,1024,0x0000,1
8701,55209,1024,0x0000,1
1900,55209,1024,0x0000,1
981,55209,1024,0x0000,1
2121,55209,1024,0x0000,1
8009,55209,1024,0x0000,1
8045,55209,1024,0x0000,1
1719,55209,1024,0x0000,1
1201,55209,1024,0x0000,1
24444,55209,1024,0x0000,1
79,55209,1024,0x0000,1
1011,55209,1024,0x0000,1
30718,55209,1024,0x0000,1
50006,55209,1024,0x0000,1
44442,55209,1024,0x0000,1
9207,55209,1024,0x0000,1
1328,55209,1024,0x0000,1
1580,55209,1024,0x0000,1
32776,55209,1024,0x0000,1
548,55209,1024,0x0000,1
55209,146,0,0x0014,0
55209,1863,0,0x0014,0
55209,2099,0,0x0014,0
55209,2323,0,0x0014,0
55209,52848,0,0x0014,0
55209,2710,0,0x0014,0
55209,777,0,0x0014,0
55209,51103,0,0x0014,0
55209,9011,0,0x0014,0
55209,512,0,0x0014,0
55209,563,0,0x0014,0
55209,593,0,0x0014,0
55209,50389,0,0x0014,0
55209,1503,0,0x0014,0
55209,9500,0,0x0014,0
55209,4004,0,0x0014,0
55209,14000,0,0x0014,0
55209,7920,0,0x0014,0
55209,8193,0,0x0014,0
55209,8652,0,0x0014,0
55209,636,0,0x0014,0
55209,3369,0,0x0014,0
55209,50000,0,0x0014,0
55209,1049,0,0x0014,0
55209,1000,0,0x0014,0
55209,8001,0,0x0014,0
55209,60020,0,0x0014,0
55209,2170,0,0x0014,0
55209,1095,0,0x0014,0
5414,55209,1024,0x0000,1
49400,55209,1024,0x0000,1
1088,55209,1024,0x0000,1
1073,55209,1024,0x0000,1
3071,55209,1024,0x0000,1
1122,55209,1024,0x0000,1
42510,55209,1024,0x0000,1
1033,55209,1024,0x0000,1
2383,55209,1024,0x0000,1
5226,55209,1024,0x0000,1
8010,55209,1024,0x0000,1
3168,55209,1024,0x0000,1
2702,55209,1024,0x0000,1
35500,55209,1024,0x0000,1
6005,55209,1024,0x0000,1
900,55209,1024,0x0000,1
15660,55209,1024,0x0000,1
13782,55209,1024,0x0000,1
2135,55209,1024,0x0000,1
8291,55209,1024,0x0000,1
6059,55209,1024,0x0000,1
6389,55209,1024,0x0000,1
6001,55209,1024,0x0000,1
62078,55209,1024,0x0000,1
1048,55209,1024,0x0000,1
1296,55209,1024,0x0000,1
1030,55209,1024,0x0000,1
9050,55209,1024,0x0000,1
8899,55209,1024,0x0000,1
44501,55209,1024,0x0000,1
55209,106,0,0x0014,0
55209,8084,0,0x0014,0
55209,1076,0,0x0014,0
55209,17988,0,0x0014,0
55209,617,0,0x0014,0
55209,1083,0,0x0014,0
55209,417,0,0x0014,0
55209,6106,0,0x0014,0
55209,7627,0,0x0014,0
55209,340,0,0x0014,0
55209,1028,0,0x0014,0
55209,3703,0,0x0014,0
55209,7001,0,0x0014,0
55209,888,0,0x0014,0
55209,3017,0,0x0014,0
55209,64680,0,0x0014,0
55209,2121,0,0x0014,0
55209,2049,0,0x0014,0
55209,7004,0,0x0014,0
55209,306,0,0x0014,0
55209,6007,0,0x0014,0
55209,1147,0,0x0014,0
55209,981,0,0x0014,0
55209,5003,0,0x0014,0
55209,10243,0,0x0014,0
55209,5298,0,0x0014,0
55209,2009,0,0x0014,0
55209,1022,0,0x0014,0
55209,1086,0,0x0014,0
55209,1900,0,0x0014,0
55209,5544,0,0x0014,0
55209,13,0,0x0014,0
55209,8701,0,0x0014,0
1009,55209,1024,0x0000,1
1801,55209,1024,0x0000,1
9968,55209,1024,0x0000,1
32774,55209,1024,0x0000,1
21571,55209,1024,0x0000,1
1175,55209,1024,0x0000,1
1186,55209,1024,0x0000,1
5859,55209,1024,0x0000,1
10617,55209,1024,0x0000,1
6646,55209,1024,0x0000,1
7999,55209,1024,0x0000,1
1075,55209,1024,0x0000,1
2875,55209,1024,0x0000,1
8290,55209,1024,0x0000,1
700,55209,1024,0x0000,1
3995,55209,1024,0x0000,1
2048,55209,1024,0x0000,1
631,55209,1024,0x0000,1
1755,55209,1024,0x0000,1
7,55209,1024,0x0000,1
1641,55209,1024,0x0000,1
9594,55209,1024,0x0000,1
52673,55209,1024,0x0000,1
5678,55209,1024,0x0000,1
55209,1201,0,0x0014,0
55209,44442,0,0x0014,0
55209,32776,0,0x0014,0
55209,1719,0,0x0014,0
55209,24444,0,0x0014,0
55209,30718,0,0x0014,0
55209,79,0,0x0014,0
55209,548,0,0x0014,0
55209,8045,0,0x0014,0
55209,50006,0,0x0014,0
55209,1580,0,0x0014,0
55209,9207,0,0x0014,0
55209,1011,0,0x0014,0
55209,1328,0,0x0014,0
616,55209,1024,0x0000,1
1310,55209,1024,0x0000,1
5910,55209,1024,0x0000,1
427,55209,1024,0x0000,1
1151,55209,1024,0x0000,1
1117,55209,1024,0x0000,1
70,55209,1024,0x0000,1
1218,55209,1024,0x0000,1
6025,55209,1024,0x0000,1
55209,2383,0,0x0014,0
55209,1296,0,0x0014,0
55209,6389,0,0x0014,0
55209,5414,0,0x0014,0
55209,3071,0,0x0014,0
55209,8010,0,0x0014,0
55209,9050,0,0x0014,0
55209,1088,0,0x0014,0
55209,1073,0,0x0014,0
55209,1033,0,0x0014,0
55209,35500,0,0x0014,0
55209,2135,0,0x0014,0
55209,900,0,0x0014,0
55209,6005,0,0x0014,0
55209,62078,0,0x0014,0
55209,6001,0,0x0014,0
55209,3168,0,0x0014,0
55209,13782,0,0x0014,0
55209,6059,0,0x0014,0
55209,8899,0,0x0014,0
55209,1030,0,0x0014,0
55209,1048,0,0x0014,0
4998,55209,1024,0x0000,1
5679,55209,1024,0x0000,1
2005,55209,1024,0x0000,1
24,55209,1024,0x0000,1
2222,55209,1024,0x0000,1
1688,55209,1024,0x0000,1
1137,55209,1024,0x0000,1
1164,55209,1024,0x0000,1
7800,55209,1024,0x0000,1
26,55209,1024,0x0000,1
55209,44501,0,0x0014,0
55209,1122,0,0x0014,0
55209,2702,0,0x0014,0
55209,49400,0,0x0014,0
55209,15660,0,0x0014,0
55209,5226,0,0x0014,0
55209,8291,0,0x0014,0
55209,42510,0,0x0014,0
55209,1009,0,0x0014,0
55209,9968,0,0x0014,0
55209,1801,0,0x0014,0
55209,7999,0,0x0014,0
55209,32774,0,0x0014,0
1050,55209,1024,0x0000,1
1666,55209,1024,0x0000,1
5877,55209,1024,0x0000,1
14238,55209,1024,0x0000,1
2000,55209,1024,0x0000,1
4005,55209,1024,0x0000,1
1072,55209,1024,0x0000,1
912,55209,1024,0x0000,1
6,55209,1024,0x0000,1
3128,55209,1024,0x0000,1
7938,55209,1024,0x0000,1
1081,55209,1024,0x0000,1
1455,55209,1024,0x0000,1
5959,55209,1024,0x0000,1
6779,55209,1024,0x0000,1
5666,55209,1024,0x0000,1
55209,21571,0,0x0014,0
55209,1175,0,0x0014,0
55209,1641,0,0x0014,0
55209,1186,0,0x0014,0
55209,700,0,0x0014,0
55209,2048,0,0x0014,0
55209,5859,0,0x0014,0
55209,6646,0,0x0014,0
55209,52673,0,0x0014,0
55209,5678,0,0x0014,0
55209,1755,0,0x0014,0
55209,1075,0,0x0014,0
264,55209,1024,0x0000,1
3031,55209,1024,0x0000,1
3971,55209,1024,0x0000,1
5061,55209,1024,0x0000,1
5901,55209,1024,0x0000,1
5033,55209,1024,0x0000,1
42,55209,1024,0x0000,1
3261,55209,1024,0x0000,1
749,55209,1024,0x0000,1
65129,55209,1024,0x0000,1
55209,631,0,0x0014,0
55209,7,0,0x0014,0
55209,2875,0,0x0014,0
55209,3995,0,0x0014,0
55209,616,0,0x0014,0
55209,10617,0,0x0014,0
55209,1310,0,0x0014,0
55209,8290,0,0x0014,0
55209,9594,0,0x0014,0
990,55209,1024,0x0000,1
44176,55209,1024,0x0000,1
3826,55209,1024,0x0000,1
683,55209,1024,0x0000,1
3476,55209,1024,0x0000,1
5906,55209,1024,0x0000,1
44443,55209,1024,0x0000,1
6112,55209,1024,0x0000,1
1059,55209,1024,0x0000,1
4125,55209,1024,0x0000,1
1972,55209,1024,0x0000,1
45100,55209,1024,0x0000,1
4006,55209,1024,0x0000,1
9290,55209,1024,0x0000,1
1043,55209,1024,0x0000,1
5120,55209,1024,0x0000,1
32784,55209,1024,0x0000,1
7496,55209,1024,0x0000,1
2034,55209,1024,0x0000,1
1096,55209,1024,0x0000,1
14442,55209,1024,0x0000,1
2251,55209,1024,0x0000,1
12265,55209,1024,0x0000,1
1248,55209,1024,0x0000,1
19315,55209,1024,0x0000,1
4343,55209,1024,0x0000,1
8181,55209,1024,0x0000,1
1031,55209,1024,0x0000,1
1064,55209,1024,0x0000,1
2038,55209,1024,0x0000,1
1070,55209,1024,0x0000,1
1311,55209,1024,0x0000,1
5190,55209,1024,0x0000,1
10616,55209,1024,0x0000,1
9003,55209,1024,0x0000,1
55209,14238,0,0x0014,0
55209,3128,0,0x0014,0
55209,1117,0,0x0014,0
55209,4998,0,0x0014,0
55209,2000,0,0x0014,0
55209,1218,0,0x0014,0
55209,70,0,0x0014,0
55209,1455,0,0x0014,0
55209,2222,0,0x0014,0
55209,912,0,0x0014,0
55209,1050,0,0x0014,0
55209,1688,0,0x0014,0
55209,7938,0,0x0014,0
55209,1081,0,0x0014,0
55209,6,0,0x0014,0
55209,24,0,0x0014,0
55209,4005,0,0x0014,0
55209,1137,0,0x0014,0
55209,5679,0,0x0014,0
55209,7800,0,0x0014,0
55209,2005,0,0x0014,0
55209,1666,0,0x0014,0
55209,5877,0,0x0014,0
55209,1164,0,0x0014,0
55209,427,0,0x0014,0
55209,1072,0,0x0014,0
55209,65129,0,0x0014,0
55209,3971,0,0x0014,0
55209,6025,0,0x0014,0
55209,5910,0,0x0014,0
55209,1151,0,0x0014,0
55209,3031,0,0x0014,0
55209,3261,0,0x0014,0
55209,5959,0,0x0014,0
55209,26,0,0x0014,0
55209,749,0,0x0014,0
55209,6779,0,0x0014,0
55209,5666,0,0x0014,0
55209,5901,0,0x0014,0
55209,5033,0,0x0014,0
55209,5061,0,0x0014,0
55209,264,0,0x0014,0
55209,42,0,0x0014,0
15002,55209,1024,0x0000,1
1174,55209,1024,0x0000,1
1277,55209,1024,0x0000,1
5631,55209,1024,0x0000,1
7000,55209,1024,0x0000,1
2007,55209,1024,0x0000,1
5087,55209,1024,0x0000,1
65000,55209,1024,0x0000,1
49155,55209,1024,0x0000,1
5718,55209,1024,0x0000,1
8002,55209,1024,0x0000,1
9071,55209,1024,0x0000,1
8008,55209,1024,0x0000,1
2033,55209,1024,0x0000,1
667,55209,1024,0x0000,1
8100,55209,1024,0x0000,1
9081,55209,1024,0x0000,1
524,55209,1024,0x0000,1
1131,55209,1024,0x0000,1
5550,55209,1024,0x0000,1
646,55209,1024,0x0000,1
50300,55209,1024,0x0000,1
7100,55209,1024,0x0000,1
3367,55209,1024,0x0000,1
515,55209,1024,0x0000,1
5961,55209,1024,0x0000,1
1010,55209,1024,0x0000,1
16080,55209,1024,0x0000,1
1352,55209,1024,0x0000,1
9418,55209,1024,0x0000,1
2179,55209,1024,0x0000,1
7019,55209,1024,0x0000,1
8021,55209,1024,0x0000,1
9929,55209,1024,0x0000,1
9998,55209,1024,0x0000,1
10002,55209,1024,0x0000,1
5730,55209,1024,0x0000,1
1029,55209,1024,0x0000,1
32780,55209,1024,0x0000,1
8000,55209,1024,0x0000,1
32775,55209,1024,0x0000,1
2608,55209,1024,0x0000,1
3001,55209,1024,0x0000,1
49160,55209,1024,0x0000,1
55209,44443,0,0x0014,0
55209,6112,0,0x0014,0
55209,683,0,0x0014,0
55209,5906,0,0x0014,0
55209,1059,0,0x0014,0
55209,44176,0,0x0014,0
55209,3826,0,0x0014,0
55209,990,0,0x0014,0
55209,45100,0,0x0014,0
55209,4125,0,0x0014,0
55209,1972,0,0x0014,0
55209,3476,0,0x0014,0
55209,9290,0,0x0014,0
55209,32784,0,0x0014,0
55209,10616,0,0x0014,0
55209,1096,0,0x0014,0
55209,1277,0,0x0014,0
55209,15002,0,0x0014,0
55209,4006,0,0x0014,0
7103,55209,1024,0x0000,1
3828,55209,1024,0x0000,1
1233,55209,1024,0x0000,1
2301,55209,1024,0x0000,1
5815,55209,1024,0x0000,1
83,55209,1024,0x0000,1
9000,55209,1024,0x0000,1
545,55209,1024,0x0000,1
7778,55209,1024,0x0000,1
16993,55209,1024,0x0000,1
34571,55209,1024,0x0000,1
15000,55209,1024,0x0000,1
31038,55209,1024,0x0000,1
1443,55209,1024,0x0000,1
18040,55209,1024,0x0000,1
9110,55209,1024,0x0000,1
1862,55209,1024,0x0000,1
19780,55209,1024,0x0000,1
2260,55209,1024,0x0000,1
55209,4343,0,0x0014,0
55209,1311,0,0x0014,0
55209,8002,0,0x0014,0
55209,524,0,0x0014,0
55209,515,0,0x0014,0
55209,9081,0,0x0014,0
55209,667,0,0x0014,0
55209,1174,0,0x0014,0
55209,2033,0,0x0014,0
55209,16080,0,0x0014,0
55209,1010,0,0x0014,0
55209,7496,0,0x0014,0
55209,1031,0,0x0014,0
55209,65000,0,0x0014,0
55209,2179,0,0x0014,0
55209,1070,0,0x0014,0
55209,7100,0,0x0014,0
55209,2038,0,0x0014,0
55209,19315,0,0x0014,0
55209,8181,0,0x0014,0
55209,32780,0,0x0014,0
55209,5190,0,0x0014,0
55209,1029,0,0x0014,0
55209,5961,0,0x0014,0
55209,1248,0,0x0014,0
55209,9071,0,0x0014,0
55209,7000,0,0x0014,0
55209,2034,0,0x0014,0
55209,1064,0,0x0014,0
55209,1131,0,0x0014,0
55209,9998,0,0x0014,0
55209,9929,0,0x0014,0
55209,5730,0,0x0014,0
55209,646,0,0x0014,0
55209,8100,0,0x0014,0
55209,9418,0,0x0014,0
55209,3367,0,0x0014,0
55209,8000,0,0x0014,0
55209,12265,0,0x0014,0
55209,5631,0,0x0014,0
55209,50300,0,0x0014,0
55209,8021,0,0x0014,0
55209,49160,0,0x0014,0
55209,7019,0,0x0014,0
55209,1352,0,0x0014,0
55209,2007,0,0x0014,0
55209,1043,0,0x0014,0
55209,14442,0,0x0014,0
55209,10002,0,0x0014,0
55209,49155,0,0x0014,0
55209,2608,0,0x0014,0
55209,3001,0,0x0014,0
55209,5718,0,0x0014,0
55209,5550,0,0x0014,0
55209,2251,0,0x0014,0
55209,5087,0,0x0014,0
55209,9003,0,0x0014,0
55209,32775,0,0x0014,0
55209,5120,0,0x0014,0
407,55209,1024,0x0000,1
1041,55209,1024,0x0000,1
2003,55209,1024,0x0000,1
9080,55209,1024,0x0000,1
49152,55209,1024,0x0000,1
3827,55209,1024,0x0000,1
32779,55209,1024,0x0000,1
49,55209,1024,0x0000,1
52869,55209,1024,0x0000,1
5080,55209,1024,0x0000,1
88,55209,1024,0x0000,1
8089,55209,1024,0x0000,1
4444,55209,1024,0x0000,1
55055,55209,1024,0x0000,1
1149,55209,1024,0x0000,1
3030,55209,1024,0x0000,1
7937,55209,1024,0x0000,1
1169,55209,1024,0x0000,1
1066,55209,1024,0x0000,1
1126,55209,1024,0x0000,1
5999,55209,1024,0x0000,1
7512,55209,1024,0x0000,1
5904,55209,1024,0x0000,1
1067,55209,1024,0x0000,1
2106,55209,1024,0x0000,1
259,55209,1024,0x0000,1
50002,55209,1024,0x0000,1
10003,55209,1024,0x0000,1
3580,55209,1024,0x0000,1
9917,55209,1024,0x0000,1
1287,55209,1024,0x0000,1
666,55209,1024,0x0000,1
4045,55209,1024,0x0000,1
4567,55209,1024,0x0000,1
211,55209,1024,0x0000,1
3052,55209,1024,0x0000,1
27000,55209,1024,0x0000,1
1021,55209,1024,0x0000,1
3371,55209,1024,0x0000,1
6003,55209,1024,0x0000,1
13722,55209,1024,0x0000,1
3918,55209,1024,0x0000,1
9575,55209,1024,0x0000,1
3784,55209,1024,0x0000,1
48080,55209,1024,0x0000,1
2160,55209,1024,0x0000,1
8099,55209,1024,0x0000,1
1433,55209,1024,0x0000,1
16012,55209,1024,0x0000,1
6789,55209,1024,0x0000,1
1121,55209,1024,0x0000,1
458,55209,1024,0x0000,1
9503,55209,1024,0x0000,1
11967,55209,1024,0x0000,1
12174,55209,1024,0x0000,1
1782,55209,1024,0x0000,1
6006,55209,1024,0x0000,1
1068,55209,1024,0x0000,1
2200,55209,1024,0x0000,1
1051,55209,1024,0x0000,1
55209,545,0,0x0014,0
55209,10003,0,0x0014,0
55209,49152,0,0x0014,0
55209,2003,0,0x0014,0
55209,15000,0,0x0014,0
55209,6003,0,0x0014,0
55209,48080,0,0x0014,0
55209,3918,0,0x0014,0
55209,1067,0,0x0014,0
55209,88,0,0x0014,0
55209,3052,0,0x0014,0
55209,4567,0,0x0014,0
55209,7778,0,0x0014,0
55209,9110,0,0x0014,0
55209,19780,0,0x0014,0
55209,666,0,0x0014,0
55209,13722,0,0x0014,0
55209,16993,0,0x0014,0
55209,1169,0,0x0014,0
55209,9575,0,0x0014,0
55209,1862,0,0x0014,0
55209,3371,0,0x0014,0
55209,2260,0,0x0014,0
55209,55055,0,0x0014,0
55209,1126,0,0x0014,0
55209,5999,0,0x0014,0
55209,27000,0,0x0014,0
55209,1287,0,0x0014,0
55209,52869,0,0x0014,0
55209,1149,0,0x0014,0
55209,7512,0,0x0014,0
55209,3828,0,0x0014,0
55209,7103,0,0x0014,0
55209,49,0,0x0014,0
55209,32779,0,0x0014,0
55209,50002,0,0x0014,0
55209,211,0,0x0014,0
55209,2106,0,0x0014,0
55209,3030,0,0x0014,0
55209,7937,0,0x0014,0
55209,83,0,0x0014,0
55209,407,0,0x0014,0
55209,5904,0,0x0014,0
55209,18040,0,0x0014,0
55209,9917,0,0x0014,0
55209,5815,0,0x0014,0
55209,34571,0,0x0014,0
55209,11967,0,0x0014,0
55209,259,0,0x0014,0
55209,4045,0,0x0014,0
55209,2301,0,0x0014,0
55209,1443,0,0x0014,0
55209,458,0,0x0014,0
55209,3580,0,0x0014,0
55209,1021,0,0x0014,0
55209,31038,0,0x0014,0
55209,1433,0,0x0014,0
55209,4444,0,0x0014,0
55209,2160,0,0x0014,0
55209,9080,0,0x0014,0
55209,8099,0,0x0014,0
55209,1233,0,0x0014,0
55209,3827,0,0x0014,0
55209,1121,0,0x0014,0
55209,1066,0,0x0014,0
55209,8089,0,0x0014,0
55209,1041,0,0x0014,0
55209,16012,0,0x0014,0
55209,3784,0,0x0014,0
55209,6789,0,0x0014,0
55209,1782,0,0x0014,0
55209,12174,0,0x0014,0
55209,9503,0,0x0014,0
55209,5080,0,0x0014,0
55209,1068,0,0x0014,0
55209,2200,0,0x0014,0
55209,1051,0,0x0014,0
55209,6006,0,0x0014,0
80,48848,501,0x0011,0
48848,80,501,0x0011,0
80,48848,501,0x0010,0
9000,55211,1024,0x0000,1
8008,55211,1024,0x0000,1
8009,55211,1024,0x0000,1
32781,55209,1024,0x0000,1
4003,55209,1024,0x0000,1
311,55209,1024,0x0000,1
3689,55209,1024,0x0000,1
465,55209,1024,0x0000,1
5566,55209,1024,0x0000,1
41511,55209,1024,0x0000,1
16016,55209,1024,0x0000,1
10629,55209,1024,0x0000,1
5357,55209,1024,0x0000,1
543,55209,1024,0x0000,1
3546,55209,1024,0x0000,1
51493,55209,1024,0x0000,1
4,55209,1024,0x0000,1
2013,55209,1024,0x0000,1
7777,55209,1024,0x0000,1
1434,55209,1024,0x0000,1
6689,55209,1024,0x0000,1
27353,55209,1024,0x0000,1
3077,55209,1024,0x0000,1
1091,55209,1024,0x0000,1
1097,55209,1024,0x0000,1
9100,55209,1024,0x0000,1
19842,55209,1024,0x0000,1
2111,55209,1024,0x0000,1
1104,55209,1024,0x0000,1
1217,55209,1024,0x0000,1
5432,55209,1024,0x0000,1
6792,55209,1024,0x0000,1
2065,55209,1024,0x0000,1
1113,55209,1024,0x0000,1
8085,55209,1024,0x0000,1
3323,55209,1024,0x0000,1
119,55209,1024,0x0000,1
38292,55209,1024,0x0000,1
84,55209,1024,0x0000,1
34572,55209,1024,0x0000,1
514,55209,1024,0x0000,1
5222,55209,1024,0x0000,1
10215,55209,1024,0x0000,1
898,55209,1024,0x0000,1
800,55209,1024,0x0000,1
9502,55209,1024,0x0000,1
3737,55209,1024,0x0000,1
4321,55209,1024,0x0000,1
1130,55209,1024,0x0000,1
1054,55209,1024,0x0000,1
1875,55209,1024,0x0000,1
3370,55209,1024,0x0000,1
15003,55209,1024,0x0000,1
2920,55209,1024,0x0000,1
27356,55209,1024,0x0000,1
49165,55209,1024,0x0000,1
3889,55209,1024,0x0000,1
6100,55209,1024,0x0000,1
8022,55209,1024,0x0000,1
625,55209,1024,0x0000,1
5963,55209,1024,0x0000,1
1040,55209,1024,0x0000,1
49156,55209,1024,0x0000,1
6502,55209,1024,0x0000,1
280,55209,1024,0x0000,1
10012,55209,1024,0x0000,1
10621,55209,1024,0x0000,1
5560,55209,1024,0x0000,1
8254,55209,1024,0x0000,1
8873,55209,1024,0x0000,1
6123,55209,1024,0x0000,1
32785,55209,1024,0x0000,1
6002,55209,1024,0x0000,1
668,55209,1024,0x0000,1
7070,55209,1024,0x0000,1
5960,55209,1024,0x0000,1
1002,55209,1024,0x0000,1
2809,55209,1024,0x0000,1
5998,55209,1024,0x0000,1
5102,55209,1024,0x0000,1
1165,55209,1024,0x0000,1
55209,16016,0,0x0014,0
55209,41511,0,0x0014,0
55209,3689,0,0x0014,0
55209,3546,0,0x0014,0
55209,465,0,0x0014,0
55209,4,0,0x0014,0
55209,32781,0,0x0014,0
55209,4003,0,0x0014,0
55209,10629,0,0x0014,0
55209,311,0,0x0014,0
55209,51493,0,0x0014,0
55209,5566,0,0x0014,0
55209,543,0,0x0014,0
55209,7777,0,0x0014,0
55209,5357,0,0x0014,0
55209,2013,0,0x0014,0
55209,27353,0,0x0014,0
1132,55209,1024,0x0000,1
7435,55209,1024,0x0000,1
1108,55209,1024,0x0000,1
648,55209,1024,0x0000,1
19283,55209,1024,0x0000,1
1037,55209,1024,0x0000,1
1074,55209,1024,0x0000,1
11111,55209,1024,0x0000,1
4129,55209,1024,0x0000,1
5911,55209,1024,0x0000,1
10566,55209,1024,0x0000,1
464,55209,1024,0x0000,1
1236,55209,1024,0x0000,1
5950,55209,1024,0x0000,1
5988,55209,1024,0x0000,1
6009,55209,1024,0x0000,1
1042,55209,1024,0x0000,1
55209,9100,0,0x0014,0
55209,1091,0,0x0014,0
55209,1434,0,0x0014,0
55209,6689,0,0x0014,0
55209,1217,0,0x0014,0
55209,119,0,0x0014,0
1110,55209,1024,0x0000,1
55209,2111,0,0x0014,0
55209,19842,0,0x0014,0
55209,3077,0,0x0014,0
55209,9502,0,0x0014,0
55209,5960,0,0x0014,0
55209,15003,0,0x0014,0
55209,7070,0,0x0014,0
55209,10012,0,0x0014,0
55209,2065,0,0x0014,0
55209,10215,0,0x0014,0
55209,1875,0,0x0014,0
55209,1097,0,0x0014,0
55209,6002,0,0x0014,0
55209,1054,0,0x0014,0
55209,1130,0,0x0014,0
55209,898,0,0x0014,0
55209,8022,0,0x0014,0
55209,5432,0,0x0014,0
55209,514,0,0x0014,0
55209,1104,0,0x0014,0
55209,3737,0,0x0014,0
55209,84,0,0x0014,0
55209,800,0,0x0014,0
1111,55209,1024,0x0000,1
1105,55209,1024,0x0000,1
161,55209,1024,0x0000,1
5862,55209,1024,0x0000,1
55209,3323,0,0x0014,0
55209,2809,0,0x0014,0
55209,1113,0,0x0014,0
55209,8873,0,0x0014,0
55209,8254,0,0x0014,0
55209,4321,0,0x0014,0
55209,27356,0,0x0014,0
55209,2920,0,0x0014,0
55209,6792,0,0x0014,0
55209,3889,0,0x0014,0
55209,38292,0,0x0014,0
55209,5963,0,0x0014,0
55209,10621,0,0x0014,0
55209,280,0,0x0014,0
55209,32785,0,0x0014,0
55209,668,0,0x0014,0
5633,55209,1024,0x0000,1
55209,49156,0,0x0014,0
55209,34572,0,0x0014,0
55209,625,0,0x0014,0
55209,6100,0,0x0014,0
55209,5560,0,0x0014,0
55209,1040,0,0x0014,0
55209,6502,0,0x0014,0
55209,1165,0,0x0014,0
1461,55209,1024,0x0000,1
55209,8085,0,0x0014,0
55209,5222,0,0x0014,0
55209,3370,0,0x0014,0
55209,49165,0,0x0014,0
55209,1002,0,0x0014,0
55209,5102,0,0x0014,0
1687,55209,1024,0x0000,1
6547,55209,1024,0x0000,1
1007,55209,1024,0x0000,1
2068,55209,1024,0x0000,1
32773,55209,1024,0x0000,1
1038,55209,1024,0x0000,1
9103,55209,1024,0x0000,1
50800,55209,1024,0x0000,1
55209,11111,0,0x0014,0
28201,55209,1024,0x0000,1
6901,55209,1024,0x0000,1
1500,55209,1024,0x0000,1
15742,55209,1024,0x0000,1
5510,55209,1024,0x0000,1
4662,55209,1024,0x0000,1
3000,55209,1024,0x0000,1
5269,55209,1024,0x0000,1
2701,55209,1024,0x0000,1
50636,55209,1024,0x0000,1
55209,1108,0,0x0014,0
55209,5998,0,0x0014,0
55209,6123,0,0x0014,0
55209,19283,0,0x0014,0
55209,1037,0,0x0014,0
9535,55209,1024,0x0000,1
25734,55209,1024,0x0000,1
5500,55209,1024,0x0000,1
49176,55209,1024,0x0000,1
1152,55209,1024,0x0000,1
55209,7435,0,0x0014,0
55209,1132,0,0x0014,0
55209,5911,0,0x0014,0
55209,4129,0,0x0014,0
55209,648,0,0x0014,0
55209,1074,0,0x0014,0
1036,55209,1024,0x0000,1
55209,1042,0,0x0014,0
55209,1236,0,0x0014,0
55209,5988,0,0x0014,0
55209,1110,0,0x0014,0
55209,10566,0,0x0014,0
55209,5950,0,0x0014,0
55209,6009,0,0x0014,0
8180,55209,1024,0x0000,1
49999,55209,1024,0x0000,1
57294,55209,1024,0x0000,1
1058,55209,1024,0x0000,1
5850,55209,1024,0x0000,1
1718,55209,1024,0x0000,1
1805,55209,1024,0x0000,1
720,55209,1024,0x0000,1
1039,55209,1024,0x0000,1
43,55209,1024,0x0000,1
8654,55209,1024,0x0000,1
55056,55209,1024,0x0000,1
2045,55209,1024,0x0000,1
5902,55209,1024,0x0000,1
1090,55209,1024,0x0000,1
3372,55209,1024,0x0000,1
49175,55209,1024,0x0000,1
801,55209,1024,0x0000,1
6666,55209,1024,0x0000,1
9415,55209,1024,0x0000,1
32783,55209,1024,0x0000,1
54328,55209,1024,0x0000,1
1244,55209,1024,0x0000,1
1098,55209,1024,0x0000,1
1187,55209,1024,0x0000,1
1123,55209,1024,0x0000,1
2800,55209,1024,0x0000,1
85,55209,1024,0x0000,1
3551,55209,1024,0x0000,1
1085,55209,1024,0x0000,1
2021,55209,1024,0x0000,1
55209,464,0,0x0014,0
1094,55209,1024,0x0000,1
6788,55209,1024,0x0000,1
5054,55209,1024,0x0000,1
555,55209,1024,0x0000,1
4848,55209,1024,0x0000,1
3878,55209,1024,0x0000,1
5822,55209,1024,0x0000,1
19101,55209,1024,0x0000,1
1061,55209,1024,0x0000,1
544,55209,1024,0x0000,1
10001,55209,1024,0x0000,1
1112,55209,1024,0x0000,1
5431,55209,1024,0x0000,1
8081,55209,1024,0x0000,1
2399,55209,1024,0x0000,1
6667,55209,1024,0x0000,1
5101,55209,1024,0x0000,1
6156,55209,1024,0x0000,1
3905,55209,1024,0x0000,1
55209,4662,0,0x0014,0
55209,25734,0,0x0014,0
55209,6547,0,0x0014,0
55209,5510,0,0x0014,0
55209,161,0,0x0014,0
55209,1687,0,0x0014,0
55209,50800,0,0x0014,0
55209,15742,0,0x0014,0
55209,9103,0,0x0014,0
55209,5633,0,0x0014,0
55209,1090,0,0x0014,0
55209,2701,0,0x0014,0
55209,1007,0,0x0014,0
55209,28201,0,0x0014,0
55209,9535,0,0x0014,0
55209,32773,0,0x0014,0
55209,1105,0,0x0014,0
55209,1111,0,0x0014,0
55209,49176,0,0x0014,0
55209,5500,0,0x0014,0
55209,1461,0,0x0014,0
55209,3000,0,0x0014,0
55209,1038,0,0x0014,0
55209,6901,0,0x0014,0
55209,1500,0,0x0014,0
55209,1152,0,0x0014,0
55209,2068,0,0x0014,0
55209,50636,0,0x0014,0
55209,5269,0,0x0014,0
55209,5862,0,0x0014,0
55209,57294,0,0x0014,0
55209,5850,0,0x0014,0
55209,49999,0,0x0014,0
55209,1036,0,0x0014,0
55209,801,0,0x0014,0
55209,1805,0,0x0014,0
55209,1085,0,0x0014,0
49159,55209,1024,0x0000,1
3517,55209,1024,0x0000,1
1148,55209,1024,0x0000,1
3,55209,1024,0x0000,1
1078,55209,1024,0x0000,1
4111,55209,1024,0x0000,1
32770,55209,1024,0x0000,1
55555,55209,1024,0x0000,1
61532,55209,1024,0x0000,1
20221,55209,1024,0x0000,1
1717,55209,1024,0x0000,1
1658,55209,1024,0x0000,1
1084,55209,1024,0x0000,1
5903,55209,1024,0x0000,1
26214,55209,1024,0x0000,1
33354,55209,1024,0x0000,1
2605,55209,1024,0x0000,1
30951,55209,1024,0x0000,1
5051,55209,1024,0x0000,1
9877,55209,1024,0x0000,1
1065,55209,1024,0x0000,1
7921,55209,1024,0x0000,1
58080,55209,1024,0x0000,1
714,55209,1024,0x0000,1
55209,2045,0,0x0014,0
55209,1187,0,0x0014,0
55209,720,0,0x0014,0
55209,9415,0,0x0014,0
55209,49175,0,0x0014,0
1057,55209,1024,0x0000,1
787,55209,1024,0x0000,1
9102,55209,1024,0x0000,1
1080,55209,1024,0x0000,1
1309,55209,1024,0x0000,1
6129,55209,1024,0x0000,1
2030,55209,1024,0x0000,1
1032,55209,1024,0x0000,1
3851,55209,1024,0x0000,1
3260,55209,1024,0x0000,1
3766,55209,1024,0x0000,1
541,55209,1024,0x0000,1
125,55209,1024,0x0000,1
55209,1094,0,0x0014,0
55209,2399,0,0x0014,0
55209,8654,0,0x0014,0
55209,1039,0,0x0014,0
55209,6667,0,0x0014,0
55209,3878,0,0x0014,0
55209,1058,0,0x0014,0
55209,5902,0,0x0014,0
55209,43,0,0x0014,0
55209,555,0,0x0014,0
55209,1098,0,0x0014,0
55209,4848,0,0x0014,0
55209,5054,0,0x0014,0
55209,2800,0,0x0014,0
55209,3551,0,0x0014,0
55209,8180,0,0x0014,0
55209,3372,0,0x0014,0
55209,6156,0,0x0014,0
55209,5822,0,0x0014,0
55209,32783,0,0x0014,0
55209,54328,0,0x0014,0
55209,1123,0,0x0014,0
55209,55056,0,0x0014,0
55209,5101,0,0x0014,0
55209,2021,0,0x0014,0
55209,1061,0,0x0014,0
55209,8081,0,0x0014,0
55209,1244,0,0x0014,0
55209,19101,0,0x0014,0
7402,55209,1024,0x0000,1
3801,55209,1024,0x0000,1
2382,55209,1024,0x0000,1
2190,55209,1024,0x0000,1
50001,55209,1024,0x0000,1
6565,55209,1024,0x0000,1
7625,55209,1024,0x0000,1
8500,55209,1024,0x0000,1
1783,55209,1024,0x0000,1
783,55209,1024,0x0000,1
425,55209,1024,0x0000,1
3013,55209,1024,0x0000,1
1114,55209,1024,0x0000,1
2394,55209,1024,0x0000,1
10009,55209,1024,0x0000,1
903,55209,1024,0x0000,1
9485,55209,1024,0x0000,1
32772,55209,1024,0x0000,1
7200,55209,1024,0x0000,1
7911,55209,1024,0x0000,1
255,55209,1024,0x0000,1
65389,55209,1024,0x0000,1
1583,55209,1024,0x0000,1
2492,55209,1024,0x0000,1
32782,55209,1024,0x0000,1
2041,55209,1024,0x0000,1
2500,55209,1024,0x0000,1
4242,55209,1024,0x0000,1
8011,55209,1024,0x0000,1
481,55209,1024,0x0000,1
55209,1718,0,0x0014,0
55209,1148,0,0x0014,0
55209,714,0,0x0014,0
55209,5431,0,0x0014,0
55209,3851,0,0x0014,0
55209,3517,0,0x0014,0
6346,55209,1024,0x0000,1
22939,55209,1024,0x0000,1
61900,55209,1024,0x0000,1
6881,55209,1024,0x0000,1
8651,55209,1024,0x0000,1
55209,1112,0,0x0014,0
55209,1080,0,0x0014,0
55209,2030,0,0x0014,0
55209,55555,0,0x0014,0
55209,85,0,0x0014,0
55209,541,0,0x0014,0
55209,2605,0,0x0014,0
55209,1084,0,0x0014,0
55209,3905,0,0x0014,0
55209,6666,0,0x0014,0
55209,20221,0,0x0014,0
55209,1078,0,0x0014,0
55209,544,0,0x0014,0
55209,6788,0,0x0014,0
55209,1658,0,0x0014,0
55209,4111,0,0x0014,0
55209,9877,0,0x0014,0
55209,49159,0,0x0014,0
55209,33354,0,0x0014,0
55209,7921,0,0x0014,0
55209,30951,0,0x0014,0
55209,3,0,0x0014,0
55209,5051,0,0x0014,0
55209,32770,0,0x0014,0
55209,26214,0,0x0014,0
55209,61532,0,0x0014,0
55209,787,0,0x0014,0
55209,1717,0,0x0014,0
55209,1309,0,0x0014,0
55209,5903,0,0x0014,0
55209,58080,0,0x0014,0
55209,6129,0,0x0014,0
55209,1057,0,0x0014,0
55209,1065,0,0x0014,0
55209,9102,0,0x0014,0
55209,1032,0,0x0014,0
55209,3260,0,0x0014,0
55209,3766,0,0x0014,0
8383,55209,1024,0x0000,1
57797,55209,1024,0x0000,1
3221,55209,1024,0x0000,1
49161,55209,1024,0x0000,1
2144,55209,1024,0x0000,1
6839,55209,1024,0x0000,1
5280,55209,1024,0x0000,1
8083,55209,1024,0x0000,1
63331,55209,1024,0x0000,1
9878,55209,1024,0x0000,1
691,55209,1024,0x0000,1
7201,55209,1024,0x0000,1
705,55209,1024,0x0000,1
33899,55209,1024,0x0000,1
34573,55209,1024,0x0000,1
4279,55209,1024,0x0000,1
4445,55209,1024,0x0000,1
6580,55209,1024,0x0000,1
17877,55209,1024,0x0000,1
1998,55209,1024,0x0000,1
5989,55209,1024,0x0000,1
992,55209,1024,0x0000,1
8402,55209,1024,0x0000,1
8443,55209,1024,0x0000,1
3351,55209,1024,0x0000,1
1417,55209,1024,0x0000,1
2607,55209,1024,0x0000,1
8400,55209,1024,0x0000,1
3011,55209,1024,0x0000,1
8088,55209,1024,0x0000,1
9944,55209,1024,0x0000,1
7025,55209,1024,0x0000,1
9595,55209,1024,0x0000,1
17,55209,1024,0x0000,1
4449,55209,1024,0x0000,1
1300,55209,1024,0x0000,1
2161,55209,1024,0x0000,1
82,55209,1024,0x0000,1
3268,55209,1024,0x0000,1
7443,55209,1024,0x0000,1
55209,7402,0,0x0014,0
55209,3013,0,0x0014,0
55209,6565,0,0x0014,0
55209,425,0,0x0014,0
55209,1783,0,0x0014,0
55209,783,0,0x0014,0
55209,2382,0,0x0014,0
55209,2394,0,0x0014,0
55209,8500,0,0x0014,0
55209,10009,0,0x0014,0
55209,903,0,0x0014,0
55209,50001,0,0x0014,0
55209,7625,0,0x0014,0
55209,3801,0,0x0014,0
55209,125,0,0x0014,0
55209,2190,0,0x0014,0
55209,1114,0,0x0014,0
2601,55209,1024,0x0000,1
32771,55209,1024,0x0000,1
2401,55209,1024,0x0000,1
1494,55209,1024,0x0000,1
55209,32782,0,0x0014,0
55209,255,0,0x0014,0
55209,2041,0,0x0014,0
55209,22939,0,0x0014,0
55209,2492,0,0x0014,0
55209,7200,0,0x0014,0
55209,61900,0,0x0014,0
8600,55209,1024,0x0000,1
32769,55209,1024,0x0000,1
2042,55209,1024,0x0000,1
2604,55209,1024,0x0000,1
2638,55209,1024,0x0000,1
2047,55209,1024,0x0000,1
6566,55209,1024,0x0000,1
497,55209,1024,0x0000,1
8093,55209,1024,0x0000,1
3322,55209,1024,0x0000,1
4900,55209,1024,0x0000,1
843,55209,1024,0x0000,1
8042,55209,1024,0x0000,1
49163,55209,1024,0x0000,1
3404,55209,1024,0x0000,1
3324,55209,1024,0x0000,1
2008,55209,1024,0x0000,1
1060,55209,1024,0x0000,1
2717,55209,1024,0x0000,1
987,55209,1024,0x0000,1
3493,55209,1024,0x0000,1
2869,55209,1024,0x0000,1
27715,55209,1024,0x0000,1
902,55209,1024,0x0000,1
55209,32772,0,0x0014,0
55209,65389,0,0x0014,0
55209,8651,0,0x0014,0
55209,2500,0,0x0014,0
55209,481,0,0x0014,0
55209,1583,0,0x0014,0
55209,6881,0,0x0014,0
55209,7911,0,0x0014,0
55209,6346,0,0x0014,0
55209,9485,0,0x0014,0
55209,8011,0,0x0014,0
55209,8383,0,0x0014,0
55209,4242,0,0x0014,0
55209,57797,0,0x0014,0
55209,9878,0,0x0014,0
55209,5280,0,0x0014,0
55209,7201,0,0x0014,0
55209,8088,0,0x0014,0
55209,63331,0,0x0014,0
55209,8083,0,0x0014,0
55209,3221,0,0x0014,0
55209,6839,0,0x0014,0
55209,6580,0,0x0014,0
55209,1998,0,0x0014,0
55209,8400,0,0x0014,0
55209,2144,0,0x0014,0
55209,33899,0,0x0014,0
55209,4279,0,0x0014,0
55209,8402,0,0x0014,0
55209,4445,0,0x0014,0
55209,2607,0,0x0014,0
55209,705,0,0x0014,0
55209,2161,0,0x0014,0
55209,3011,0,0x0014,0
55209,3351,0,0x0014,0
55209,17,0,0x0014,0
55209,49161,0,0x0014,0
55209,691,0,0x0014,0
55209,4449,0,0x0014,0
55209,8600,0,0x0014,0
55209,992,0,0x0014,0
55209,9595,0,0x0014,0
55209,1494,0,0x0014,0
55209,5989,0,0x0014,0
55209,1417,0,0x0014,0
55209,2601,0,0x0014,0
55209,7025,0,0x0014,0
55209,34573,0,0x0014,0
55209,17877,0,0x0014,0
55209,82,0,0x0014,0
55209,2401,0,0x0014,0
55209,32771,0,0x0014,0
55209,3268,0,0x0014,0
55209,1300,0,0x0014,0
55209,32769,0,0x0014,0
55209,9944,0,0x0014,0
55209,7443,0,0x0014,0
1093,55209,1024,0x0000,1
1045,55209,1024,0x0000,1
55209,2047,0,0x0014,0
55209,2042,0,0x0014,0
55209,2604,0,0x0014,0
55209,2638,0,0x0014,0
55209,843,0,0x0014,0
55209,2717,0,0x0014,0
55209,987,0,0x0014,0
55209,2008,0,0x0014,0
55209,3324,0,0x0014,0
55209,497,0,0x0014,0
55209,4900,0,0x0014,0
55209,2869,0,0x0014,0
55209,3404,0,0x0014,0
55209,49163,0,0x0014,0
55209,6566,0,0x0014,0
55209,27715,0,0x0014,0
55209,1060,0,0x0014,0
55209,3322,0,0x0014,0
55209,8093,0,0x0014,0
55209,8042,0,0x0014,0
55209,3493,0,0x0014,0
55209,902,0,0x0014,0
1198,55209,1024,0x0000,1
999,55209,1024,0x0000,1
911,55209,1024,0x0000,1
1533,55209,1024,0x0000,1
24800,55209,1024,0x0000,1
1999,55209,1024,0x0000,1
5952,55209,1024,0x0000,1
1026,55209,1024,0x0000,1
49153,55209,1024,0x0000,1
9,55209,1024,0x0000,1
880,55209,1024,0x0000,1
30000,55209,1024,0x0000,1
6000,55209,1024,0x0000,1
9220,55209,1024,0x0000,1
1166,55209,1024,0x0000,1
1721,55209,1024,0x0000,1
3006,55209,1024,0x0000,1
7676,55209,1024,0x0000,1
16018,55209,1024,0x0000,1
6692,55209,1024,0x0000,1
2725,55209,1024,0x0000,1
8087,55209,1024,0x0000,1
1102,55209,1024,0x0000,1
64623,55209,1024,0x0000,1
2006,55209,1024,0x0000,1
8994,55209,1024,0x0000,1
32778,55209,1024,0x0000,1
5214,55209,1024,0x0000,1
27355,55209,1024,0x0000,1
513,55209,1024,0x0000,1
1935,55209,1024,0x0000,1
222,55209,1024,0x0000,1
10000,55209,1024,0x0000,1
1055,55209,1024,0x0000,1
5915,55209,1024,0x0000,1
1974,55209,1024,0x0000,1
2126,55209,1024,0x0000,1
4001,55209,1024,0x0000,1
10180,55209,1024,0x0000,1
18101,55209,1024,0x0000,1
13783,55209,1024,0x0000,1
1521,55209,1024,0x0000,1
60443,55209,1024,0x0000,1
31337,55209,1024,0x0000,1
1056,55209,1024,0x0000,1
90,55209,1024,0x0000,1
3527,55209,1024,0x0000,1
7106,55209,1024,0x0000,1
10626,55209,1024,0x0000,1
32777,55209,1024,0x0000,1
55209,1533,0,0x0014,0
55209,1093,0,0x0014,0
55209,1198,0,0x0014,0
55209,5952,0,0x0014,0
55209,911,0,0x0014,0
55209,24800,0,0x0014,0
55209,999,0,0x0014,0
55209,1999,0,0x0014,0
55209,880,0,0x0014,0
55209,1026,0,0x0014,0
55209,9,0,0x0014,0
6510,55209,1024,0x0000,1
2103,55209,1024,0x0000,1
55209,49153,0,0x0014,0
55209,1045,0,0x0014,0
49158,55209,1024,0x0000,1
901,55209,1024,0x0000,1
179,55209,1024,0x0000,1
6668,55209,1024,0x0000,1
5030,55209,1024,0x0000,1
1199,55209,1024,0x0000,1
3869,55209,1024,0x0000,1
7007,55209,1024,0x0000,1
19350,55209,1024,0x0000,1
9010,55209,1024,0x0000,1
16992,55209,1024,0x0000,1
5925,55209,1024,0x0000,1
6969,55209,1024,0x0000,1
2998,55209,1024,0x0000,1
1183,55209,1024,0x0000,1
7002,55209,1024,0x0000,1
9099,55209,1024,0x0000,1
1322,55209,1024,0x0000,1
1001,55209,1024,0x0000,1
32,55209,1024,0x0000,1
163,55209,1024,0x0000,1
687,55209,1024,0x0000,1
16000,55209,1024,0x0000,1
10082,55209,1024,0x0000,1
2191,55209,1024,0x0000,1
8200,55209,1024,0x0000,1
3333,55209,1024,0x0000,1
1839,55209,1024,0x0000,1
4126,55209,1024,0x0000,1
3390,55209,1024,0x0000,1
9900,55209,1024,0x0000,1
2010,55209,1024,0x0000,1
5050,55209,1024,0x0000,1
18988,55209,1024,0x0000,1
6669,55209,1024,0x0000,1
49167,55209,1024,0x0000,1
55209,3006,0,0x0014,0
55209,30000,0,0x0014,0
55209,2725,0,0x0014,0
55209,9220,0,0x0014,0
55209,1166,0,0x0014,0
55209,6000,0,0x0014,0
55209,1721,0,0x0014,0
55209,7676,0,0x0014,0
55209,2006,0,0x0014,0
55209,222,0,0x0014,0
55209,1102,0,0x0014,0
55209,7106,0,0x0014,0
55209,8994,0,0x0014,0
55209,32778,0,0x0014,0
55209,2126,0,0x0014,0
55209,1974,0,0x0014,0
55209,18101,0,0x0014,0
55209,6692,0,0x0014,0
55209,60443,0,0x0014,0
55209,13783,0,0x0014,0
55209,1056,0,0x0014,0
55209,90,0,0x0014,0
55209,4001,0,0x0014,0
55209,31337,0,0x0014,0
6101,55209,1024,0x0000,1
1216,55209,1024,0x0000,1
52822,55209,1024,0x0000,1
55209,3527,0,0x0014,0
55209,27355,0,0x0014,0
55209,1521,0,0x0014,0
55209,5915,0,0x0014,0
55209,10180,0,0x0014,0
55209,8087,0,0x0014,0
55209,64623,0,0x0014,0
55209,16018,0,0x0014,0
55209,1935,0,0x0014,0
55209,10000,0,0x0014,0
55209,1055,0,0x0014,0
55209,5214,0,0x0014,0
55209,513,0,0x0014,0
2002,55209,1024,0x0000,1
711,55209,1024,0x0000,1
9002,55209,1024,0x0000,1
81,55209,1024,0x0000,1
1138,55209,1024,0x0000,1
1034,55209,1024,0x0000,1
808,55209,1024,0x0000,1
765,55209,1024,0x0000,1
212,55209,1024,0x0000,1
4002,55209,1024,0x0000,1
2020,55209,1024,0x0000,1
12000,55209,1024,0x0000,1
9666,55209,1024,0x0000,1
1071,55209,1024,0x0000,1
3269,55209,1024,0x0000,1
2525,55209,1024,0x0000,1
55209,10082,0,0x0014,0
55209,2191,0,0x0014,0
55209,687,0,0x0014,0
55209,9010,0,0x0014,0
55209,49158,0,0x0014,0
55209,32,0,0x0014,0
55209,10626,0,0x0014,0
55209,1322,0,0x0014,0
55209,9099,0,0x0014,0
55209,5925,0,0x0014,0
55209,901,0,0x0014,0
55209,3333,0,0x0014,0
55209,1183,0,0x0014,0
55209,6510,0,0x0014,0
55209,8200,0,0x0014,0
55209,16000,0,0x0014,0
55209,1001,0,0x0014,0
55209,32777,0,0x0014,0
55209,163,0,0x0014,0
55209,2998,0,0x0014,0
55209,5050,0,0x0014,0
55209,3390,0,0x0014,0
55209,2103,0,0x0014,0
55209,16992,0,0x0014,0
55209,49167,0,0x0014,0
55209,5030,0,0x0014,0
55209,7002,0,0x0014,0
55209,6669,0,0x0014,0
55209,1839,0,0x0014,0
55209,19350,0,0x0014,0
55209,1216,0,0x0014,0
55209,9900,0,0x0014,0
55209,7007,0,0x0014,0
55209,2010,0,0x0014,0
55209,6668,0,0x0014,0
55209,6969,0,0x0014,0
55209,179,0,0x0014,0
55209,3869,0,0x0014,0
55209,1199,0,0x0014,0
55209,6101,0,0x0014,0
55209,4126,0,0x0014,0
55209,18988,0,0x0014,0
55209,1138,0,0x0014,0
55209,12000,0,0x0014,0
55209,4002,0,0x0014,0
55209,765,0,0x0014,0
55209,9002,0,0x0014,0
55209,2020,0,0x0014,0
55209,81,0,0x0014,0
55209,711,0,0x0014,0
55209,1071,0,0x0014,0
55209,212,0,0x0014,0
55209,9666,0,0x0014,0
55209,3269,0,0x0014,0
55209,2002,0,0x0014,0
55209,808,0,0x0014,0
55209,1034,0,0x0014,0
55209,52822,0,0x0014,0
55209,2525,0,0x0014,0
10001,55211,1024,0x0000,1
8443,55211,1024,0x0000,1
443,52193,514,0x0010,0
443,52193,514,0x0018,0
443,44158,501,0x0010,0
443,45202,501,0x0010,0
443,45196,501,0x0010,0
443,44150,501,0x0010,0
44158,443,956,0x0010,0
45196,443,964,0x0010,0
45202,443,964,0x0010,0
44150,443,958,0x0010,0
80,43662,501,0x0011,0
80,43670,501,0x0011,0
80,48842,501,0x0011,0
43662,80,141,0x0011,0
43670,80,139,0x0011,0
80,43662,501,0x0010,0
80,43670,501,0x0010,0
48842,80,501,0x0011,0
80,48842,501,0x0010,0
443,50388,523,0x0018,0
50388,443,282,0x0018,0
443,50388,523,0x0010,0
443,37476,501,0x0018,0
443,37476,501,0x0018,0
443,37476,501,0x0018,0
37476,443,5190,0x0010,0
37476,443,5190,0x0010,0
37476,443,5190,0x0018,0
443,37476,501,0x0010,0
443,59654,501,0x0010,0
59654,443,501,0x0010,0
443,46398,501,0x0018,0
443,47602,501,0x0018,0
443,46950,501,0x0018,0
443,37876,501,0x0018,0
443,58482,501,0x0018,0
443,43954,501,0x0018,0
46398,443,273,0x0018,0
443,46398,501,0x0010,0
47602,443,135,0x0018,0
37876,443,269,0x0018,0
443,47602,501,0x0010,0
443,37876,501,0x0010,0
58482,443,273,0x0018,0
443,58482,501,0x0010,0
46950,443,269,0x0018,0
443,46950,501,0x0010,0
43954,443,273,0x0018,0
443,43954,501,0x0010,0
